{"Val Loss": 4.215458869934082, "Epoch": 0, "Eval Iteration": 0, "_timestamp": 1716360310.476914, "_runtime": 1014.2560729980469, "_step": 3613, "Training Loss lol": 4.518399715423584, "Iteration": 32800}