{"Training Loss": 0.5135236978530884, "Epoch": 0, "Iteration": 18690, "_timestamp": 1716370155.319009, "_runtime": 9336.421370983124, "_step": 20556, "Val Loss": 0.30970659852027893, "Eval Iteration": 70}