{"Val Loss": 8.159111976623535, "Epoch": 0, "Eval Iteration": 0, "_timestamp": 1716360415.744929, "_runtime": 13.98493504524231, "_step": 30, "Training Loss": 9.666038513183594, "Iteration": 200}